fold num,imgid,feature1,feature2,feature3
0,1.png,5307,166.5,590.5828220844269
0,1.png,5307,166.5,590.5828220844269
0,1.png,5307,166.5,590.5828220844269
0,1.png,5307,166.5,590.5828220844269
0,1.png,5307,166.5,590.5828220844269
0,1.png,5307,166.5,590.5828220844269
0,1.png,1736,539.0,314.04877042770386
0,1.png,5103,1928.5,600.9259679317474
